{
	"biome": "biomesoplenty:visceral_heap",
	"generationWeight": 4,
	"useDefaultDecorations": true,
	"isSubBiome": false,
	"isEnabled": true,
	"blocks": {},
	"entities": [
		{
			"entity": "minecraft:ghast",
			"spawnWeight": 50,
			"minimumGroupCount": 4,
			"maximumGroupCount": 4,
			"spawn": true
		}, 
		{
			"entity": "minecraft:zombie_pigman",
			"spawnWeight": 100,
			"minimumGroupCount": 4,
			"maximumGroupCount": 4,
			"spawn": true
		}, 
		{
			"entity": "minecraft:magma_cube",
			"spawnWeight": 2,
			"minimumGroupCount": 4,
			"maximumGroupCount": 4,
			"spawn": true
		}, 
		{
			"entity": "minecraft:enderman",
			"spawnWeight": 1,
			"minimumGroupCount": 4,
			"maximumGroupCount": 4,
			"spawn": true
		}, 
		{
			"entity": "minecraft:blaze",
			"spawnWeight": 5,
			"minimumGroupCount": 1,
			"maximumGroupCount": 2,
			"spawn": true
		}, 
		{
			"entity": "quark:foxhound",
			"spawnWeight": 10,
			"minimumGroupCount": 1,
			"maximumGroupCount": 2,
			"spawn": true
		}, 
		{
			"entity": "quark:wraith",
			"spawnWeight": 60,
			"minimumGroupCount": 4,
			"maximumGroupCount": 6,
			"spawn": true
		}, 
		{
			"entity": "exoticbirds:gouldianfinch",
			"spawnWeight": 5,
			"minimumGroupCount": 2,
			"maximumGroupCount": 5,
			"spawn": true
		}, 
		{
			"entity": "exoticbirds:hummingbird",
			"spawnWeight": 18,
			"minimumGroupCount": 2,
			"maximumGroupCount": 5,
			"spawn": true
		}, 
		{
			"entity": "exoticbirds:lyrebird",
			"spawnWeight": 8,
			"minimumGroupCount": 2,
			"maximumGroupCount": 5,
			"spawn": true
		}, 
		{
			"entity": "exoticbirds:parrot",
			"spawnWeight": 6,
			"minimumGroupCount": 2,
			"maximumGroupCount": 5,
			"spawn": true
		}, 
		{
			"entity": "exoticbirds:toucan",
			"spawnWeight": 6,
			"minimumGroupCount": 2,
			"maximumGroupCount": 5,
			"spawn": true
		}, 
		{
			"entity": "enderiozoo:epicsquid",
			"spawnWeight": 1,
			"minimumGroupCount": 1,
			"maximumGroupCount": 1,
			"spawn": true
		}
	],
	"traits": [],
	"subBiomes": []
}