{
  "canGenerateRivers": true,
  "beachBiomeLocation": "minecraft:beaches",
  "skyColor": -1,
  "fogDensity": 1.0,
  "hasBiomeEssence": true,
  "variationBelow": 1.0,
  "variationAbove": 5.0,
  "seaFloorBlock": {
    "block": "minecraft:dirt",
    "properties": {
      "snowy": "false",
      "variant": "dirt"
    }
  },
  "fillerBlock": {
    "block": "minecraft:sand",
    "properties": {
      "variant": "sand"
    }
  },
  "averageHeight": 64.0,
  "topBlock": {
    "block": "minecraft:sand",
    "properties": {
      "variant": "sand"
    }
  },
  "fogColor": -1,
  "canGenerateVillages": true,
  "canSpawnInBiome": false,
  "generators": {
    "glowshrooms": {
      "with": {
        "block": "biomesoplenty:mushroom",
        "properties": {
          "variant": "glowshroom"
        }
      },
      "generationAttempts": 64,
      "amountPerChunk": 1.5,
      "enable": true
    },
    "dunegrass": {
      "with": {
        "block": "biomesoplenty:plant_1",
        "properties": {
          "variant": "dunegrass"
        }
      },
      "generationAttempts": 8,
      "amountPerChunk": 15.0,
      "enable": true
    },
    "miners_delight": {
      "with": {
        "block": "biomesoplenty:flower_1",
        "properties": {
          "variant": "miners_delight"
        }
      },
      "generationAttempts": 64,
      "amountPerChunk": 0.25,
      "enable": true
    },
    "stone_formations": {
      "minHeight": 1,
      "with": {
        "block": "biomesoplenty:stone_formations",
        "properties": {
          "position": "stalagmite_small",
          "variant": "stone_formation"
        }
      },
      "generationAttempts": 16,
      "amountPerChunk": 30.0,
      "maxHeight": 5,
      "enable": true,
      "randomDirection": true
    },
    "roots": {
      "with": {
        "block": "biomesoplenty:plant_1",
        "properties": {
          "variant": "root"
        }
      },
      "generationAttempts": 32,
      "amountPerChunk": 4.0,
      "enable": true
    },
    "trees": {
      "amountPerChunk": 2.0,
      "enable": true,
      "generators": {}
    },
    "ruby": {
      "minHeight": 4,
      "with": {
        "block": "biomesoplenty:gem_ore",
        "properties": {
          "variant": "ruby"
        }
      },
      "amountPerChunk": 12.0,
      "maxHeight": 32,
      "enable": true
    },
    "tiny_cacti": {
      "with": {
        "block": "biomesoplenty:plant_1",
        "properties": {
          "variant": "tinycactus"
        }
      },
      "generationAttempts": 32,
      "amountPerChunk": 1.5,
      "enable": true
    },
    "dead_bushes": {
      "with": {
        "block": "minecraft:deadbush",
        "properties": {}
      },
      "generationAttempts": 32,
      "amountPerChunk": 1.0,
      "enable": true
    },
    "desert_sprouts": {
      "with": {
        "block": "biomesoplenty:plant_0",
        "properties": {
          "variant": "desertsprouts"
        }
      },
      "generationAttempts": 8,
      "amountPerChunk": 2.0,
      "enable": true
    },
    "bromeliad": {
      "with": {
        "block": "biomesoplenty:flower_0",
        "properties": {
          "variant": "bromeliad"
        }
      },
      "generationAttempts": 8,
      "amountPerChunk": 0.5,
      "enable": true
    },
    "cacti": {
      "minHeight": 1,
      "with": {
        "block": "minecraft:cactus",
        "properties": {
          "age": "0"
        }
      },
      "generationAttempts": 3,
      "amountPerChunk": 0.5,
      "maxHeight": 2,
      "enable": true,
      "randomDirection": false
    },
    "desertgrass": {
      "with": {
        "block": "biomesoplenty:plant_0",
        "properties": {
          "variant": "desertgrass"
        }
      },
      "generationAttempts": 8,
      "amountPerChunk": 4.0,
      "enable": true
    }
  },
  "weights": {
    "hot_desert": 3
  }
}