{
	"biome": "netherex:ruthless_sands",
	"generationWeight": 8,
	"useDefaultDecorations": true,
	"isSubBiome": false,
	"isEnabled": true,
	"blocks": {
		"surfaceBlock": {
			"block": "minecraft:soul_sand"
		},
		"subsurfaceBlock": {
			"block": "netherex:gloomy_netherrack"
		},
		"caveCeilingBlock": {
			"block": "netherex:gloomy_netherrack"
		},
		"caveWallBlock": {
			"block": "netherex:gloomy_netherrack"
		},
		"caveFloorBlock": {
			"block": "netherex:gloomy_netherrack"
		},
		"fluidBlock": {
			"block": "minecraft:lava"
		}
	},
	"entities": [
		{
			"entity": "minecraft:wither_skeleton",
			"spawnWeight": 65,
			"minimumGroupCount": 1,
			"maximumGroupCount": 4,
			"spawn": true
		}, 
		{
			"entity": "minecraft:zombie_pigman",
			"spawnWeight": 45,
			"minimumGroupCount": 1,
			"maximumGroupCount": 4,
			"spawn": true
		}, 
		{
			"entity": "netherex:spinout",
			"spawnWeight": 100,
			"minimumGroupCount": 1,
			"maximumGroupCount": 4,
			"spawn": true
		}, 
		{
			"entity": "exoticbirds:gouldianfinch",
			"spawnWeight": 5,
			"minimumGroupCount": 2,
			"maximumGroupCount": 5,
			"spawn": true
		}, 
		{
			"entity": "exoticbirds:hummingbird",
			"spawnWeight": 18,
			"minimumGroupCount": 2,
			"maximumGroupCount": 5,
			"spawn": true
		}, 
		{
			"entity": "exoticbirds:magpie",
			"spawnWeight": 12,
			"minimumGroupCount": 2,
			"maximumGroupCount": 5,
			"spawn": true
		}, 
		{
			"entity": "exoticbirds:ostrich",
			"spawnWeight": 5,
			"minimumGroupCount": 2,
			"maximumGroupCount": 5,
			"spawn": true
		}, 
		{
			"entity": "exoticbirds:peafowl",
			"spawnWeight": 6,
			"minimumGroupCount": 2,
			"maximumGroupCount": 5,
			"spawn": true
		}, 
		{
			"entity": "exoticbirds:pigeon",
			"spawnWeight": 12,
			"minimumGroupCount": 2,
			"maximumGroupCount": 5,
			"spawn": true
		}, 
		{
			"entity": "exoticbirds:roadrunner",
			"spawnWeight": 10,
			"minimumGroupCount": 2,
			"maximumGroupCount": 5,
			"spawn": true
		}, 
		{
			"entity": "exoticbirds:cardinal",
			"spawnWeight": 12,
			"minimumGroupCount": 2,
			"maximumGroupCount": 5,
			"spawn": true
		}, 
		{
			"entity": "exoticbirds:bluejay",
			"spawnWeight": 12,
			"minimumGroupCount": 2,
			"maximumGroupCount": 5,
			"spawn": true
		}, 
		{
			"entity": "exoticbirds:robin",
			"spawnWeight": 12,
			"minimumGroupCount": 2,
			"maximumGroupCount": 5,
			"spawn": true
		}, 
		{
			"entity": "exoticbirds:crane",
			"spawnWeight": 6,
			"minimumGroupCount": 2,
			"maximumGroupCount": 5,
			"spawn": true
		}, 
		{
			"entity": "exoticbirds:kookaburra",
			"spawnWeight": 6,
			"minimumGroupCount": 2,
			"maximumGroupCount": 5,
			"spawn": true
		}, 
		{
			"entity": "enderiozoo:epicsquid",
			"spawnWeight": 1,
			"minimumGroupCount": 1,
			"maximumGroupCount": 1,
			"spawn": true
		}
	],
	"traits": [
		{
			"trait": "libraryex:fluid",
			"generationAttempts": 8,
			"randomizeGenerationAttempts": false,
			"generationProbability": 1.0,
			"minimumGenerationHeight": 4,
			"maximumGenerationHeight": 124,
			"blockToTarget": {
				"block": "netherex:gloomy_netherrack"
			},
			"blockToSpawn": {
				"block": "minecraft:flowing_lava"
			},
			"generateFalling": false,
			"generationStage": "decoration"
		}, 
		{
			"trait": "libraryex:cluster",
			"generationAttempts": 10,
			"randomizeGenerationAttempts": true,
			"generationProbability": 1.0,
			"minimumGenerationHeight": 4,
			"maximumGenerationHeight": 124,
			"direction": "down",
			"blockToAttachTo": {
				"block": "netherex:gloomy_netherrack"
			},
			"blockToSpawn": {
				"block": "minecraft:glowstone"
			},
			"generationStage": "decoration"
		}, 
		{
			"trait": "libraryex:cluster",
			"generationAttempts": 10,
			"randomizeGenerationAttempts": false,
			"generationProbability": 1.0,
			"minimumGenerationHeight": 1,
			"maximumGenerationHeight": 128,
			"direction": "down",
			"blockToAttachTo": {
				"block": "netherex:gloomy_netherrack"
			},
			"blockToSpawn": {
				"block": "minecraft:glowstone"
			},
			"generationStage": "decoration"
		}, 
		{
			"trait": "libraryex:fluid",
			"generationAttempts": 16,
			"randomizeGenerationAttempts": false,
			"generationProbability": 1.0,
			"minimumGenerationHeight": 10,
			"maximumGenerationHeight": 118,
			"blockToTarget": {
				"block": "netherex:gloomy_netherrack"
			},
			"blockToSpawn": {
				"block": "minecraft:flowing_lava"
			},
			"generateFalling": true,
			"generationStage": "decoration"
		}, 
		{
			"trait": "netherex:thornstalk",
			"generationAttempts": 16,
			"randomizeGenerationAttempts": false,
			"generationProbability": 1.0,
			"minimumGenerationHeight": 32,
			"maximumGenerationHeight": 108,
			"generationStage": "plant_decoration"
		}, 
		{
			"trait": "libraryex:ore",
			"generationAttempts": 16,
			"randomizeGenerationAttempts": false,
			"generationProbability": 1.0,
			"minimumGenerationHeight": 10,
			"maximumGenerationHeight": 108,
			"veinSize": 14,
			"blockToReplace": {
				"block": "netherex:gloomy_netherrack"
			},
			"blockToSpawn": {
				"block": "netherex:quartz_ore"
			},
			"generationStage": "ore"
		}
	],
	"subBiomes": []
}