{
	"biome": "biomesoplenty:corrupted_sands",
	"generationWeight": 8,
	"useDefaultDecorations": true,
	"isSubBiome": false,
	"isEnabled": true,
	"blocks": {},
	"entities": [
		{
			"entity": "minecraft:ghast",
			"spawnWeight": 50,
			"minimumGroupCount": 4,
			"maximumGroupCount": 4
		}, 
		{
			"entity": "minecraft:zombie_pigman",
			"spawnWeight": 100,
			"minimumGroupCount": 4,
			"maximumGroupCount": 4
		}, 
		{
			"entity": "minecraft:magma_cube",
			"spawnWeight": 2,
			"minimumGroupCount": 4,
			"maximumGroupCount": 4
		}, 
		{
			"entity": "minecraft:enderman",
			"spawnWeight": 1,
			"minimumGroupCount": 4,
			"maximumGroupCount": 4
		}, 
		{
			"entity": "minecraft:blaze",
			"spawnWeight": 5,
			"minimumGroupCount": 1,
			"maximumGroupCount": 2
		}, 
		{
			"entity": "quark:foxhound",
			"spawnWeight": 10,
			"minimumGroupCount": 1,
			"maximumGroupCount": 2
		}, 
		{
			"entity": "quark:wraith",
			"spawnWeight": 60,
			"minimumGroupCount": 4,
			"maximumGroupCount": 6
		}, 
		{
			"entity": "animania:hamster",
			"spawnWeight": 8,
			"minimumGroupCount": 1,
			"maximumGroupCount": 1
		}, 
		{
			"entity": "animania:sow_large_black",
			"spawnWeight": 8,
			"minimumGroupCount": 1,
			"maximumGroupCount": 1
		}, 
		{
			"entity": "animania:doe_nigerian_dwarf",
			"spawnWeight": 6,
			"minimumGroupCount": 1,
			"maximumGroupCount": 1
		}, 
		{
			"entity": "animania:doe_jack",
			"spawnWeight": 6,
			"minimumGroupCount": 1,
			"maximumGroupCount": 1
		}, 
		{
			"entity": "exoticbirds:ostrich",
			"spawnWeight": 5,
			"minimumGroupCount": 2,
			"maximumGroupCount": 5
		}, 
		{
			"entity": "exoticbirds:roadrunner",
			"spawnWeight": 10,
			"minimumGroupCount": 2,
			"maximumGroupCount": 5
		}, 
		{
			"entity": "exoticbirds:vulture",
			"spawnWeight": 8,
			"minimumGroupCount": 2,
			"maximumGroupCount": 5
		}, 
		{
			"entity": "enderiozoo:epicsquid",
			"spawnWeight": 1,
			"minimumGroupCount": 1,
			"maximumGroupCount": 1
		}
	],
	"traits": [],
	"subBiomes": []
}