{
	"biome": "biomesoplenty:fungi_forest",
	"generationWeight": 4,
	"useDefaultDecorations": true,
	"isSubBiome": false,
	"isEnabled": true,
	"blocks": {},
	"entities": [
		{
			"entity": "minecraft:ghast",
			"spawnWeight": 50,
			"minimumGroupCount": 4,
			"maximumGroupCount": 4
		}, 
		{
			"entity": "minecraft:zombie_pigman",
			"spawnWeight": 100,
			"minimumGroupCount": 4,
			"maximumGroupCount": 4
		}, 
		{
			"entity": "minecraft:magma_cube",
			"spawnWeight": 2,
			"minimumGroupCount": 4,
			"maximumGroupCount": 4
		}, 
		{
			"entity": "minecraft:enderman",
			"spawnWeight": 1,
			"minimumGroupCount": 4,
			"maximumGroupCount": 4
		}, 
		{
			"entity": "minecraft:blaze",
			"spawnWeight": 5,
			"minimumGroupCount": 1,
			"maximumGroupCount": 2
		}, 
		{
			"entity": "quark:foxhound",
			"spawnWeight": 10,
			"minimumGroupCount": 1,
			"maximumGroupCount": 2
		}, 
		{
			"entity": "quark:wraith",
			"spawnWeight": 60,
			"minimumGroupCount": 4,
			"maximumGroupCount": 6
		}, 
		{
			"entity": "animania:sow_large_black",
			"spawnWeight": 8,
			"minimumGroupCount": 1,
			"maximumGroupCount": 1
		}, 
		{
			"entity": "animania:cow_mooshroom",
			"spawnWeight": 8,
			"minimumGroupCount": 1,
			"maximumGroupCount": 1
		}, 
		{
			"entity": "enderiozoo:epicsquid",
			"spawnWeight": 1,
			"minimumGroupCount": 1,
			"maximumGroupCount": 1
		}
	],
	"traits": [],
	"subBiomes": []
}