{
	"dependencies": "netherendingores",
	"populate": {
		"end-aluminum": {
			"distribution": "uniform",
			"generator": {
				"block": "netherendingores:ore_end_modded_1",
				"material": "minecraft:end_stone",
				"cluster-size": 4
			},
			"cluster-count": 2,
			"min-height": 10,
			"max-height": 55,
			"retrogen": "true",
			"biome": "all",
			"dimension": {
				"restriction": "whitelist",
				"value": [
					1
				]
			}
		},
		"end-copper": {
			"distribution": "uniform",
			"generator": {
				"block": {
					"name": "netherendingores:ore_end_modded_1",
					"metadata": 1
				},
				"material": "minecraft:end_stone",
				"cluster-size": 6
			},
			"cluster-count": 5,
			"min-height": 10,
			"max-height": 55,
			"retrogen": "true",
			"biome": "all",
			"dimension": {
				"restriction": "whitelist",
				"value": [
					1
				]
			}
		},
		"end-iridium": {
			"distribution": "uniform",
			"generator": {
				"sparse": true,
				"block": {
					"name": "netherendingores:ore_end_modded_1",
					"metadata": 2
				},
				"material": "minecraft:end_stone",
				"cluster-size": 3
			},
			"cluster-count": 1,
			"min-height": 10,
			"max-height": 55,
			"retrogen": "true",
			"biome": "all",
			"dimension": {
				"restriction": "whitelist",
				"value": [
					1
				]
			}
		},
		"end-lead": {
			"distribution": "uniform",
			"generator": {
				"block": {
					"name": "netherendingores:ore_end_modded_1",
					"metadata": 3
				},
				"material": "minecraft:end_stone",
				"cluster-size": 4
			},
			"cluster-count": 4,
			"min-height": 10,
			"max-height": 55,
			"retrogen": "true",
			"biome": "all",
			"dimension": {
				"restriction": "whitelist",
				"value": [
					1
				]
			}
		},
		"end-mithril": {
			"distribution": "uniform",
			"generator": {
				"block": {
					"name": "netherendingores:ore_end_modded_1",
					"metadata": 4
				},
				"material": "minecraft:end_stone",
				"cluster-size": 2
			},
			"cluster-count": 2,
			"min-height": 10,
			"max-height": 55,
			"retrogen": "true",
			"biome": "all",
			"dimension": {
				"restriction": "whitelist",
				"value": [
					1
				]
			}
		},
		"end-nickel": {
			"distribution": "uniform",
			"generator": {
				"block": {
					"name": "netherendingores:ore_end_modded_1",
					"metadata": 5
				},
				"material": "minecraft:end_stone",
				"cluster-size": 4
			},
			"cluster-count": 3,
			"min-height": 10,
			"max-height": 55,
			"retrogen": "true",
			"biome": "all",
			"dimension": {
				"restriction": "whitelist",
				"value": [
					1
				]
			}
		},
		"end-platinum": {
			"distribution": "uniform",
			"generator": {
				"block": {
					"name": "netherendingores:ore_end_modded_1",
					"metadata": 6
				},
				"material": "minecraft:end_stone",
				"cluster-size": 1
			},
			"cluster-count": 1,
			"min-height": 10,
			"max-height": 55,
			"retrogen": "true",
			"biome": "all",
			"dimension": {
				"restriction": "whitelist",
				"value": [
					1
				]
			}
		},
		"end-silver": {
			"distribution": "uniform",
			"generator": {
				"block": {
					"name": "netherendingores:ore_end_modded_1",
					"metadata": 7
				},
				"material": "minecraft:end_stone",
				"cluster-size": 3
			},
			"cluster-count": 4,
			"min-height": 10,
			"max-height": 55,
			"retrogen": "true",
			"biome": "all",
			"dimension": {
				"restriction": "whitelist",
				"value": [
					1
				]
			}
		},
		"end-tin": {
			"distribution": "uniform",
			"generator": {
				"block": {
					"name": "netherendingores:ore_end_modded_1",
					"metadata": 8
				},
				"material": "minecraft:end_stone",
				"cluster-size": 6
			},
			"cluster-count": 5,
			"min-height": 10,
			"max-height": 55,
			"retrogen": "true",
			"biome": "all",
			"dimension": {
				"restriction": "whitelist",
				"value": [
					1
				]
			}
		}
	}
}
