{
  "uniqueName": "Convergence",
  "saveName": "Convergence",
  "displayName": "Convergence",
  "displayInfo": "",
  "colorHex": "FFFFFFFF",
  "language": "en_us",
  "hasCustomIcon": true,
  "showBackground": true,
  "legacyTexture": false,
  "backgroundResource": "enchiridion:textures/books/rustic2.png",
  "BACKGROUND_START_X": -10,
  "BACKGROUND_START_Y": -10,
  "BACKGROUND_END_X": 440,
  "BACKGROUND_END_Y": 240,
  "defaultPage": 0,
  "isLocked": false,
  "forgetPageOnClose": false,
  "book": [
    {
      "features": [
        {
          "xPos": 21,
          "yPos": 200,
          "width": 18.0,
          "height": 10.0,
          "feature": {
            "class": "joshie.enchiridion.gui.book.features.FeatureButton",
            "properties": {
              "action": {
                "class": "joshie.enchiridion.gui.book.buttons.actions.ActionPreviousPage",
                "properties": {}
              },
              "size": 1.0,
              "leftClick": true,
              "rightClick": true,
              "otherClick": false,
              "tooltip": "",
              "hoverText": "",
              "hoverXOffset": 0,
              "hoverYOffset": 0,
              "unhoveredText": "",
              "unhoveredXOffset": 0,
              "unhoveredYOffset": 0,
              "hoveredResource": "enchiridion:textures/books/arrow_left_on.png",
              "unhoveredResource": "enchiridion:textures/books/arrow_left_off.png"
            }
          },
          "isLocked": true,
          "isHidden": false,
          "layerIndex": 0
        },
        {
          "xPos": 387,
          "yPos": 200,
          "width": 18.0,
          "height": 10.0,
          "feature": {
            "class": "joshie.enchiridion.gui.book.features.FeatureButton",
            "properties": {
              "action": {
                "class": "joshie.enchiridion.gui.book.buttons.actions.ActionNextPage",
                "properties": {}
              },
              "size": 1.0,
              "leftClick": true,
              "rightClick": true,
              "otherClick": false,
              "tooltip": "",
              "hoverText": "",
              "hoverXOffset": 0,
              "hoverYOffset": 0,
              "unhoveredText": "",
              "unhoveredXOffset": 0,
              "unhoveredYOffset": 0,
              "hoveredResource": "enchiridion:textures/books/arrow_right_on.png",
              "unhoveredResource": "enchiridion:textures/books/arrow_right_off.png"
            }
          },
          "isLocked": true,
          "isHidden": false,
          "layerIndex": 1
        },
        {
          "xPos": 22,
          "yPos": 21,
          "width": 261.0,
          "height": 96.0,
          "feature": {
            "class": "joshie.enchiridion.gui.book.features.FeatureText",
            "properties": {
              "text": "Lorem ipsum dolor sit amet.",
              "size": 1.0
            }
          },
          "isLocked": false,
          "isHidden": false,
          "layerIndex": 2
        }
      ],
      "pageNumber": 0,
      "isScrollable": false
    }
  ],
  "defaultIDs": [
    "enchiridion_default_buttons"
  ]
}