{
	"disableLogging": false, //Set this to true to disable logging.
	"levelFilter": "", //A regex that matches the level. Example: TRACE|DEBUG
	"nameFilter": "", //A regex that matches the logger name. Example: ^FML$
	"messageFilter": "", //A regex that matches the message. Example: ^Skipping bad option: lastServer: $
	"classFilter": "", //A regex that matches the caller class name. No example yet.
	"throwableClassFilter": "", //A regex that matches the throwable class name, if there is a throwable. Example: ^java.lang.ArrayIndexOutOfBoundsException$
	"throwableMessageFilter": "", //A regex that matches the throwable's message, if there is a throwable. No example yet.
	"threadFilter": "" //A regex that matches the thread name. Example: ^Server thread$
}
