[
  {
    "_comment": "Redstone Dust => Thermal Foundation's Liquid Redstone",
    "input_stack": { "name": "redstone" },
    "output_fluid": { "name": "redstone", "quantity": 100 }
  },
  {
    "_comment": "Redstone Ore => Thermal Foundation's Liquid Redstone",
    "input_stack": { "name": "redstone_ore" },
    "output_fluid": { "name": "redstone", "quantity": 400 }
  },
  {
    "_comment": "Redstone Block => Thermal Foundation's Liquid Redstone",
    "input_stack": { "name": "redstone_block" },
    "output_fluid": { "name": "redstone", "quantity": 900 }
  },
  {
    "_comment": "Destabilized Redstone Ore => Thermal Foundation's Liquid Redstone",
    "input_stack": { "name": "thermalfoundation:ore_fluid", "meta": 2 },
    "output_fluid": { "name": "redstone", "quantity": 1000 }
  }
]
