[
    { "item": "appliedenergistics2:sky_compass", "dimensions": [ 0 ] },
    { "item": "botania:manaring" },
    { "item": "botania:manaringgreater" },
    { "item": "botania:manatablet" },
    { "item": "endercompass:ender_compass" },
    { "item": "inventoryneko:neko" },
    { "item": "minecraft:clock" },
    { "item": "minecraft:compass" },
    { "item": "mist:hygrometer", "dimensions": [ 69 ] },
    { "item": "naturescompass:naturescompass" },
    { "item": "quark:slime_bucket" },
    { "item": "randomthings:goldencompass" },
    { "item": "toughasnails:season_clock" },
    { "item": "toughasnails:thermometer" }
]
