{
  "beachBiomeLocation": "minecraft:beaches",
  "generators": {
    "glowshrooms": {
      "with": {
        "block": "biomesoplenty:mushroom",
        "properties": {
          "variant": "glowshroom"
        }
      },
      "generationAttempts": 64,
      "amountPerChunk": 1.5,
      "enable": true
    },
    "sea_oats": {
      "with": {
        "block": "biomesoplenty:double_plant",
        "properties": {
          "half": "lower",
          "variant": "sea_oats"
        }
      },
      "generationAttempts": 96,
      "amountPerChunk": 6.0,
      "enable": true,
      "withTop": {
        "block": "biomesoplenty:double_plant",
        "properties": {
          "half": "upper",
          "variant": "sea_oats"
        }
      }
    },
    "miners_delight": {
      "with": {
        "block": "biomesoplenty:flower_1",
        "properties": {
          "variant": "miners_delight"
        }
      },
      "generationAttempts": 64,
      "amountPerChunk": 0.25,
      "enable": true
    },
    "stone_formations": {
      "minHeight": 1,
      "with": {
        "block": "biomesoplenty:stone_formations",
        "properties": {
          "position": "stalagmite_small",
          "variant": "stone_formation"
        }
      },
      "generationAttempts": 16,
      "amountPerChunk": 30.0,
      "maxHeight": 7,
      "enable": true,
      "randomDirection": true
    },
    "roots": {
      "with": {
        "block": "biomesoplenty:plant_1",
        "properties": {
          "variant": "root"
        }
      },
      "generationAttempts": 32,
      "amountPerChunk": 4.0,
      "enable": true
    }
  }
}