{
	"profession": "netherex:forager",
	"career": "netherex:gatherer",
	"trades": [
		{
			"output": {
				"item": "netherex:congealed_magma_cream",
				"meta": 0,
				"minCount": 2,
				"maxCount": 2
			},
			"inputOne": {
				"item": "netherex:amethyst_crystal",
				"meta": 0,
				"minCount": 2,
				"maxCount": 2
			},
			"minTradeCount": 1,
			"maxTradeCount": 8,
			"tradeLevel": 1
		}, 
		{
			"output": {
				"itemBlock": "netherex:brown_elder_mushroom",
				"properties": {},
				"minCount": 2,
				"maxCount": 4
			},
			"inputOne": {
				"item": "netherex:amethyst_crystal",
				"meta": 0,
				"minCount": 2,
				"maxCount": 4
			},
			"minTradeCount": 2,
			"maxTradeCount": 8,
			"tradeLevel": 1
		}, 
		{
			"output": {
				"itemBlock": "netherex:red_elder_mushroom",
				"properties": {},
				"minCount": 2,
				"maxCount": 4
			},
			"inputOne": {
				"item": "netherex:amethyst_crystal",
				"meta": 0,
				"minCount": 2,
				"maxCount": 4
			},
			"minTradeCount": 2,
			"maxTradeCount": 8,
			"tradeLevel": 1
		}, 
		{
			"output": {
				"item": "netherex:amethyst_crystal",
				"meta": 0,
				"minCount": 1,
				"maxCount": 1
			},
			"inputOne": {
				"item": "netherex:wither_bone",
				"meta": 0,
				"minCount": 1,
				"maxCount": 1
			},
			"minTradeCount": 1,
			"maxTradeCount": 4,
			"tradeLevel": 1
		}, 
		{
			"output": {
				"item": "netherex:enoki_mushroom",
				"meta": 0,
				"minCount": 3,
				"maxCount": 3
			},
			"inputOne": {
				"item": "netherex:amethyst_crystal",
				"meta": 0,
				"minCount": 3,
				"maxCount": 3
			},
			"minTradeCount": 2,
			"maxTradeCount": 8,
			"tradeLevel": 2
		}, 
		{
			"output": {
				"item": "netherex:amethyst_crystal",
				"meta": 0,
				"minCount": 3,
				"maxCount": 3
			},
			"inputOne": {
				"item": "minecraft:quartz",
				"meta": 0,
				"minCount": 3,
				"maxCount": 3
			},
			"minTradeCount": 1,
			"maxTradeCount": 3,
			"tradeLevel": 2
		}, 
		{
			"output": {
				"item": "minecraft:nether_wart",
				"meta": 0,
				"minCount": 3,
				"maxCount": 5
			},
			"inputOne": {
				"item": "netherex:amethyst_crystal",
				"meta": 0,
				"minCount": 3,
				"maxCount": 5
			},
			"minTradeCount": 2,
			"maxTradeCount": 6,
			"tradeLevel": 3
		}
	]
}