{
	"profession": "netherex:forager",
	"career": "netherex:scavenger",
	"trades": [
		{
			"output": {
				"itemBlock": "minecraft:cobblestone",
				"properties": {},
				"minCount": 4,
				"maxCount": 16
			},
			"inputOne": {
				"item": "netherex:amethyst_crystal",
				"meta": 0,
				"minCount": 4,
				"maxCount": 16
			},
			"minTradeCount": 4,
			"maxTradeCount": 16,
			"tradeLevel": 1
		}, 
		{
			"output": {
				"item": "netherex:amethyst_crystal",
				"meta": 0,
				"minCount": 1,
				"maxCount": 2
			},
			"inputOne": {
				"itemBlock": "minecraft:stone",
				"properties": {
					"variant": "stone"
				},
				"minCount": 1,
				"maxCount": 2
			},
			"minTradeCount": 1,
			"maxTradeCount": 4,
			"tradeLevel": 1
		}, 
		{
			"output": {
				"itemBlock": "minecraft:dirt",
				"properties": {
					"snowy": "false",
					"variant": "dirt"
				},
				"minCount": 1,
				"maxCount": 4
			},
			"inputOne": {
				"item": "netherex:amethyst_crystal",
				"meta": 0,
				"minCount": 1,
				"maxCount": 4
			},
			"minTradeCount": 4,
			"maxTradeCount": 16,
			"tradeLevel": 1
		}, 
		{
			"output": {
				"itemBlock": "minecraft:gravel",
				"properties": {},
				"minCount": 8,
				"maxCount": 16
			},
			"inputOne": {
				"item": "netherex:amethyst_crystal",
				"meta": 0,
				"minCount": 8,
				"maxCount": 16
			},
			"minTradeCount": 4,
			"maxTradeCount": 16,
			"tradeLevel": 1
		}, 
		{
			"output": {
				"itemBlock": "minecraft:log",
				"properties": {
					"axis": "y",
					"variant": "oak"
				},
				"minCount": 1,
				"maxCount": 4
			},
			"inputOne": {
				"item": "netherex:amethyst_crystal",
				"meta": 0,
				"minCount": 1,
				"maxCount": 4
			},
			"minTradeCount": 2,
			"maxTradeCount": 8,
			"tradeLevel": 2
		}, 
		{
			"output": {
				"item": "minecraft:iron_ingot",
				"meta": 0,
				"minCount": 1,
				"maxCount": 3
			},
			"inputOne": {
				"item": "netherex:amethyst_crystal",
				"meta": 0,
				"minCount": 1,
				"maxCount": 3
			},
			"minTradeCount": 1,
			"maxTradeCount": 8,
			"tradeLevel": 2
		}, 
		{
			"output": {
				"item": "minecraft:coal",
				"meta": 0,
				"minCount": 3,
				"maxCount": 7
			},
			"inputOne": {
				"item": "netherex:amethyst_crystal",
				"meta": 0,
				"minCount": 3,
				"maxCount": 7
			},
			"minTradeCount": 2,
			"maxTradeCount": 4,
			"tradeLevel": 2
		}, 
		{
			"output": {
				"item": "minecraft:coal",
				"meta": 1,
				"minCount": 3,
				"maxCount": 7
			},
			"inputOne": {
				"item": "netherex:amethyst_crystal",
				"meta": 0,
				"minCount": 3,
				"maxCount": 7
			},
			"minTradeCount": 2,
			"maxTradeCount": 4,
			"tradeLevel": 2
		}, 
		{
			"output": {
				"item": "minecraft:diamond",
				"meta": 0,
				"minCount": 1,
				"maxCount": 2
			},
			"inputOne": {
				"item": "netherex:amethyst_crystal",
				"meta": 0,
				"minCount": 1,
				"maxCount": 2
			},
			"minTradeCount": 1,
			"maxTradeCount": 3,
			"tradeLevel": 3
		}, 
		{
			"output": {
				"item": "minecraft:book",
				"meta": 0,
				"minCount": 1,
				"maxCount": 3
			},
			"inputOne": {
				"item": "netherex:amethyst_crystal",
				"meta": 0,
				"minCount": 1,
				"maxCount": 3
			},
			"minTradeCount": 1,
			"maxTradeCount": 4,
			"tradeLevel": 3
		}
	]
}