{
    "images":
    {
        "title":
        {
            "image" : "convergence:menu/title.png",
            "posX" : -137,
            "posY" : 30,
            "width" : 300,
            "height" : 50,
            "alignment" : "top_center"
        }
    },
    
    "buttons":
    {
        "singleplayer":
        {
            "text" : "menu.singleplayer",
            "posX" : -100,
            "posY" : 48,
            "width" : 200,
            "height" : 20,
            "action" : 
            {
                "type" : "openGui",
                "gui" : "singleplayer"
            }
        },
        
        "multiplayer":
        {
            "text" : "We Need Coffee",
            "posX" : -100,
            "posY" : 72,
            "width" : 97,
            "height" : 20,
            "action" : 
            {
                "type" : "connectToServer",
                "ip" : "weneed.coffee:25565"
            }
        },
		
		"multiplayer2":
        {
            "text" : "Bisect Host",
            "posX" : 4,
            "posY" : 72,
            "width" : 97,
            "height" : 20,
            "action" : 
            {
                "type" : "connectToServer",
                "ip" : "158.69.41.90:25565"
            }
        },
        
        "mods":
        {
            "text" : "fml.menu.mods",
            "posX" : -100,
            "posY" : 96,
            "width" : 200,
            "height" : 20,
            "action" : 
            {
                "type" : "openGui",
                "gui" : "mods"
            }
        },
            
        "options":
        {
            "text" : "menu.options",
            "posX" : -100,
            "posY" : 132,
            "width" : 98,
            "height" : 20,
            "action" : 
            {
                "type" : "openGui",
                "gui" : "options"
            }
        },
        
        "quit":
        {
            "text" : "menu.quit",
            "posX" : 2,
            "posY" : 132,
            "width" : 98,
            "height" : 20,
            "action" : 
            {
                "type" : "quit"
            }
        },
        
        "language":
        {
            "text" : "",
            "posX" : -124,
            "posY" : 132,
            "width" : 20,
            "height" : 20,
            "action" : 
            {
                "type" : "openGui",
                "gui" : "languages"
            }
        },
        
        "refresh":
        {
            "text" : "",
            "posX" : -154,
            "posY" : 132,
            "width" : 20,
            "height" : 20,
            "texture" : "custommainmenu:textures/gui/buttons.png",
            "action" : 
            {
                "type" : "refresh"
            }
        }
    },
    
    "labels":
    {
        "mojang":
        {
            "text" : "Copyright Mojang AB. Do not distribute!",
            "posX" : -197,
            "posY" : -10,
            "color" : -1,
            "alignment" : "bottom_right"
        }
    },
    
    "other":
    {
        "splash-text":
        {
            "posX" : 90,
            "posY" : 70,
            "color" : -256,
            "alignment" : "top_center",
            "texts" : "file:minecraft:texts/splashes.txt"
        },
        
        "background":
        {
            "image" : "convergence:menu/galaxy.jpg",
			"mode" : "stretch"
		}
    }
}