{
  "oasis": 97,
  "woodland": 92,
  "white_beach": 41,
  "shrubland": 83,
  "xeric_shrubland": 93,
  "tropical_rainforest": 88,
  "fen": 56,
  "steppe": 86,
  "alps_foothills": 94,
  "redwood_forest_edge": 107,
  "bayou": 44,
  "mountain": 70,
  "phantasmagoric_inferno": 106,
  "overgrown_cliffs": 75,
  "highland": 60,
  "volcanic_island": 102,
  "quagmire": 77,
  "marsh": 67,
  "chaparral": 48,
  "flower_island": 103,
  "flower_field": 57,
  "wetland": 91,
  "mystic_grove": 71,
  "cold_desert": 50,
  "mountain_foothills": 95,
  "maple_woods": 66,
  "coral_reef": 98,
  "orchard": 73,
  "moor": 69,
  "land_of_lakes": 61,
  "bog": 45,
  "coniferous_forest": 51,
  "eucalyptus_forest": 55,
  "outback": 74,
  "shield": 82,
  "snowy_tundra": 112,
  "alps": 42,
  "wasteland": 90,
  "lush_desert": 63,
  "mangrove": 65,
  "boreal_forest": 46,
  "redwood_forest": 79,
  "cherry_blossom_grove": 49,
  "visceral_heap": 109,
  "snowy_forest": 85,
  "seasonal_forest": 81,
  "temperate_rainforest": 87,
  "dead_forest": 53,
  "bamboo_forest": 43,
  "corrupted_sands": 104,
  "dead_swamp": 54,
  "kelp_forest": 99,
  "pasture": 110,
  "glacier": 96,
  "meadow": 68,
  "lush_swamp": 64,
  "fungi_forest": 105,
  "tropical_island": 101,
  "grassland": 58,
  "prairie": 76,
  "snowy_coniferous_forest": 84,
  "tundra": 89,
  "undergarden": 108,
  "origin_island": 100,
  "gravel_beach": 40,
  "grove": 59,
  "lavender_fields": 62,
  "origin_beach": 111,
  "rainforest": 78,
  "sacred_springs": 80,
  "crag": 52,
  "brushland": 47,
  "ominous_woods": 72
}